filename,pano_id,lat,lon,heading,pitch,fov,date,status,user_label,notes
QOIUeoy2pgWTdrK5gNObRw_0.jpg,QOIUeoy2pgWTdrK5gNObRw,43.19407422231965,-79.22000320222928,0,0,90,2012-07,OK,,
QqGf_9rSC6-wpJoLA6afKg_0.jpg,QqGf_9rSC6-wpJoLA6afKg,43.18228844684574,-79.23576585653362,0,0,90,2025-05,OK,,
hrq09tkXfItTUqKf2d3UPg_0.jpg,hrq09tkXfItTUqKf2d3UPg,43.18133416739857,-79.23969694364818,0,0,90,2025-05,OK,,
J0r_kVxLMAbfhsCdOItwEA_0.jpg,J0r_kVxLMAbfhsCdOItwEA,43.19596071980066,-79.23007750979265,0,0,90,2025-06,OK,,
HDI6epg1T65uMCXd3Q9E6w_0.jpg,HDI6epg1T65uMCXd3Q9E6w,43.18476772902709,-79.22243786441074,0,0,90,2025-06,OK,,
iUigPUjBZXY4iGGa0K9xmg_0.jpg,iUigPUjBZXY4iGGa0K9xmg,43.18053598931655,-79.22554801286705,0,0,90,2025-06,OK,,
T5TXyKCIyxdl0ld25qnVTA_0.jpg,T5TXyKCIyxdl0ld25qnVTA,43.19616017540068,-79.22948985354708,0,0,90,2025-06,OK,,
MkEA0eFP7Y91EviVFVstQQ_0.jpg,MkEA0eFP7Y91EviVFVstQQ,43.18924614957187,-79.24141944213157,0,0,90,2019-07,OK,,
3_pnorhvwCpD-VEG3ZyLzQ_0.jpg,3_pnorhvwCpD-VEG3ZyLzQ,43.19119673400155,-79.21999803850981,0,0,90,2025-06,OK,,
PVQq08oe0-2CxIs45I5MBw_0.jpg,PVQq08oe0-2CxIs45I5MBw,43.190777881873,-79.2282672001163,0,0,90,2025-06,OK,,
uBTbwg-jgXxYn4K0Pkm6ig_0.jpg,uBTbwg-jgXxYn4K0Pkm6ig,43.18763182148947,-79.23659664215911,0,0,90,2025-06,OK,,
JsDDhoV5LiTIKJwuSxly9w_0.jpg,JsDDhoV5LiTIKJwuSxly9w,43.18028337536914,-79.23182617200564,0,0,90,2025-05,OK,,
p7Y-TM30baEb1yOV-YQjgg_0.jpg,p7Y-TM30baEb1yOV-YQjgg,43.18741936143874,-79.22932058652616,0,0,90,2022-10,OK,,
ptBwx5zdAQFHf6JEngoQRA_0.jpg,ptBwx5zdAQFHf6JEngoQRA,43.18204491166822,-79.23628360334172,0,0,90,2025-05,OK,,
1vFEckXBrTzAoJKrqYbFTQ_0.jpg,1vFEckXBrTzAoJKrqYbFTQ,43.19707668440762,-79.22264664516464,0,0,90,2025-06,OK,,
QQdqgPB__bqKm1q3n0z0xw_0.jpg,QQdqgPB__bqKm1q3n0z0xw,43.19249209556838,-79.24278397855461,0,0,90,2025-06,OK,,
yJC82ODJmJ_Lcg3fF4YT1A_0.jpg,yJC82ODJmJ_Lcg3fF4YT1A,43.18151191213625,-79.22388890689335,0,0,90,2023-07,OK,,
0J8xngPHrBUDHt16F5uxPw_0.jpg,0J8xngPHrBUDHt16F5uxPw,43.18616195662372,-79.22191496383746,0,0,90,2025-06,OK,,
o-Rx7HyEQSJ6SNgzeq2Xaw_0.jpg,o-Rx7HyEQSJ6SNgzeq2Xaw,43.18695172990861,-79.24012174177692,0,0,90,2025-06,OK,,
AC91ebZbNLNZ4IvPJ1nSWg_0.jpg,AC91ebZbNLNZ4IvPJ1nSWg,43.1807393122068,-79.22496127496143,0,0,90,2025-06,OK,,
JOfeBvo4BxvmOX2FuXObwA_0.jpg,JOfeBvo4BxvmOX2FuXObwA,43.18646637860768,-79.23419994979734,0,0,90,2017-06,OK,,
TD1hcjrdjNccH4yXQRxHqw_0.jpg,TD1hcjrdjNccH4yXQRxHqw,43.19336907764472,-79.23921991465748,0,0,90,2022-10,OK,,
PMvcfFQeaasZr3fXeCRIxA_0.jpg,PMvcfFQeaasZr3fXeCRIxA,43.19160441664075,-79.23008929902227,0,0,90,2025-06,OK,,
wXWGLbmoT_vcvqkHe9m0ew_0.jpg,wXWGLbmoT_vcvqkHe9m0ew,43.18409061141008,-79.23787391233367,0,0,90,2012-07,OK,,
1K5ZX5jf25LzqnP_c-ypeA_0.jpg,1K5ZX5jf25LzqnP_c-ypeA,43.18375697862561,-79.22565042054542,0,0,90,2025-06,OK,,
LKzYOmHCMTNpl4M2EvSEcg_0.jpg,LKzYOmHCMTNpl4M2EvSEcg,43.18806317823524,-79.21984088917866,0,0,90,2025-06,OK,,
PsvpnHL8rmfGKDIrQcLVUg_0.jpg,PsvpnHL8rmfGKDIrQcLVUg,43.1917768396967,-79.2347508339079,0,0,90,2025-06,OK,,
R0mlN5jrx96vqpOeTLHqbw_0.jpg,R0mlN5jrx96vqpOeTLHqbw,43.18245041130545,-79.22608638341481,0,0,90,2025-06,OK,,
46x_kbsBvDZoCDzSDVRhbg_0.jpg,46x_kbsBvDZoCDzSDVRhbg,43.19579514854604,-79.22083059855343,0,0,90,2025-06,OK,,
AKb901dzDOAra_q08PNbIQ_0.jpg,AKb901dzDOAra_q08PNbIQ,43.17952677515265,-79.2283609994009,0,0,90,2022-10,OK,,
c1vXylbaOiG_4NYTDhuvmg_0.jpg,c1vXylbaOiG_4NYTDhuvmg,43.19687738150583,-79.22640220997212,0,0,90,2025-06,OK,,
3L6kk9W9zPS-WAYJuiuiEQ_0.jpg,3L6kk9W9zPS-WAYJuiuiEQ,43.19229498985429,-79.22709237766954,0,0,90,2025-06,OK,,
dh4zjwZAyOwYRY72p7qhfg_0.jpg,dh4zjwZAyOwYRY72p7qhfg,43.19361603625418,-79.24318742461536,0,0,90,2025-05,OK,,
mVOKEhWTDPXxrCkLLTAWQQ_0.jpg,mVOKEhWTDPXxrCkLLTAWQQ,43.19576518567428,-79.23327595105066,0,0,90,2025-06,OK,,
_iRfkhnKe7TNiGrf8G8dLw_0.jpg,_iRfkhnKe7TNiGrf8G8dLw,43.19579463233318,-79.22095280542419,0,0,90,2025-06,OK,,
2UowjLo4ULl8oMCoXW_wwA_0.jpg,2UowjLo4ULl8oMCoXW_wwA,43.18636411326649,-79.23882092588758,0,0,90,2025-06,OK,,
mOkd6B1tYh_jGM0yAnBQHA_0.jpg,mOkd6B1tYh_jGM0yAnBQHA,43.18530720879955,-79.22625660287358,0,0,90,2025-06,OK,,
OU9qEABkuZGT4f7P-ib7Dg_0.jpg,OU9qEABkuZGT4f7P-ib7Dg,43.17971980374377,-79.23523373684932,0,0,90,2025-05,OK,,
TNw4AtZcp-TC3Q4QXDIinQ_0.jpg,TNw4AtZcp-TC3Q4QXDIinQ,43.18439180794005,-79.22211711912698,0,0,90,2025-06,OK,,
2fkznJhQDluO7ZMQejDo_w_0.jpg,2fkznJhQDluO7ZMQejDo_w,43.18740851844496,-79.22090022206473,0,0,90,2025-06,OK,,
k9cZ-3KefQv7tIPT2F28jA_0.jpg,k9cZ-3KefQv7tIPT2F28jA,43.18999718647966,-79.23536048555323,0,0,90,2025-06,OK,,
0wgJ2IMNDXpTXPTEqlq4VQ_0.jpg,0wgJ2IMNDXpTXPTEqlq4VQ,43.18682728770253,-79.2358993162213,0,0,90,2025-06,OK,,
XLpNw_ODj0scq1D48RSlZg_0.jpg,XLpNw_ODj0scq1D48RSlZg,43.1848794099691,-79.22777109500525,0,0,90,2025-06,OK,,
4LBr59OF7G9SbNF47ymMhg_0.jpg,4LBr59OF7G9SbNF47ymMhg,43.19586132776136,-79.22431971444057,0,0,90,2025-06,OK,,
jmckhnq0Hnw0mkaIrBnfig_0.jpg,jmckhnq0Hnw0mkaIrBnfig,43.19478669621463,-79.24170518848888,0,0,90,2025-06,OK,,
rTtvkcPU9RXd6UDowF75bA_0.jpg,rTtvkcPU9RXd6UDowF75bA,43.18322772721192,-79.23076085240754,0,0,90,2014-05,OK,,
jE8bxQ9OnHio4HxVRd8bow_0.jpg,jE8bxQ9OnHio4HxVRd8bow,43.1915574094018,-79.22424338092581,0,0,90,2025-06,OK,,
uFPqlCfgHxYN5RvboGt6IQ_0.jpg,uFPqlCfgHxYN5RvboGt6IQ,43.19525713534272,-79.2417372821989,0,0,90,2025-06,OK,,
IzrkSR44AWihvrIN8ZXSAQ_0.jpg,IzrkSR44AWihvrIN8ZXSAQ,43.18438128381862,-79.23332818329497,0,0,90,2025-06,OK,,
r0Xa4IdNcO83SUxNnVAY5Q_0.jpg,r0Xa4IdNcO83SUxNnVAY5Q,43.18506482444288,-79.22719977488099,0,0,90,2025-06,OK,,
0YFotVhJOc2O2EkzP13d-g_0.jpg,0YFotVhJOc2O2EkzP13d-g,43.17981627214673,-79.22403339889733,0,0,90,2025-06,OK,,
Htbl-O03BuWEAEqqO91xpg_0.jpg,Htbl-O03BuWEAEqqO91xpg,43.1868746511248,-79.22292840378265,0,0,90,2025-06,OK,,
xs4rZul1X4LFCX-bIQDY3w_0.jpg,xs4rZul1X4LFCX-bIQDY3w,43.19015874003724,-79.23472691242188,0,0,90,2025-06,OK,,
Gvw0yuLzttC_bVaGzAV4nw_0.jpg,Gvw0yuLzttC_bVaGzAV4nw,43.18782671987221,-79.24016536586329,0,0,90,2025-06,OK,,
HXI8tosBuT7ABotLRLzWaQ_0.jpg,HXI8tosBuT7ABotLRLzWaQ,43.18102946410364,-79.22179138124997,0,0,90,2025-06,OK,,
MEQ6rG8kz1ek6-Qp5JxVqA_0.jpg,MEQ6rG8kz1ek6-Qp5JxVqA,43.18547397753313,-79.22988346058175,0,0,90,2025-06,OK,,
jl9l0OfkkT5sOnurAXIHkg_0.jpg,jl9l0OfkkT5sOnurAXIHkg,43.19502968386678,-79.23679076356285,0,0,90,2025-06,OK,,
P0cPx5e-klgao30qucKZFQ_0.jpg,P0cPx5e-klgao30qucKZFQ,43.18598660150642,-79.23879416595906,0,0,90,2025-06,OK,,
eq-ykAdadg5DqRwVktN2pg_0.jpg,eq-ykAdadg5DqRwVktN2pg,43.18235620246303,-79.2344374447488,0,0,90,2025-05,OK,,
Bn0pYSbbmFg4VWiTHDBqiA_0.jpg,Bn0pYSbbmFg4VWiTHDBqiA,43.18276222189723,-79.22594120611036,0,0,90,2025-06,OK,,
hZx42yan6murv-dRNVoYVQ_0.jpg,hZx42yan6murv-dRNVoYVQ,43.18097684239672,-79.23677613563416,0,0,90,2025-05,OK,,
AZJjuP-SIs_IOdw4L2z2Cw_0.jpg,AZJjuP-SIs_IOdw4L2z2Cw,43.1915651011255,-79.23851675711933,0,0,90,2022-10,OK,,
xxwDi4Mzu-GwyrLMndZyyQ_0.jpg,xxwDi4Mzu-GwyrLMndZyyQ,43.18331274198366,-79.23980036844542,0,0,90,2025-05,OK,,
0AuN6beHZgx4IsxiWlposg_0.jpg,0AuN6beHZgx4IsxiWlposg,43.18628813099809,-79.23573668640257,0,0,90,2025-06,OK,,
5QFPLhEDxs4DtsWb4Nyj2g_0.jpg,5QFPLhEDxs4DtsWb4Nyj2g,43.18601141089101,-79.22734245464055,0,0,90,2025-06,OK,,
HpYRvfMzyWHhhAYykFYLZg_0.jpg,HpYRvfMzyWHhhAYykFYLZg,43.19374864780391,-79.22610092694985,0,0,90,2025-06,OK,,
eNfjeAud3zpmBL9gdt4Q7w_0.jpg,eNfjeAud3zpmBL9gdt4Q7w,43.19276722186002,-79.23072557101895,0,0,90,2022-10,OK,,
IWgPiV4YMWs4FnxL_yTxxQ_0.jpg,IWgPiV4YMWs4FnxL_yTxxQ,43.1894087233914,-79.23681494266353,0,0,90,2025-06,OK,,
lKwkE4lcPWVN9HOs5lxfyA_0.jpg,lKwkE4lcPWVN9HOs5lxfyA,43.18385042204611,-79.22564801095426,0,0,90,2025-06,OK,,
AIH59L-f-R0C7waXg34HdQ_0.jpg,AIH59L-f-R0C7waXg34HdQ,43.19491284073828,-79.22494044905478,0,0,90,2025-06,OK,,
mJ3tzQpCDdNYv5Q6DB0jiQ_0.jpg,mJ3tzQpCDdNYv5Q6DB0jiQ,43.19338562695518,-79.24162095320318,0,0,90,2025-06,OK,,
dDA6BVZ_sJ9w0oQw0AVQ1g_0.jpg,dDA6BVZ_sJ9w0oQw0AVQ1g,43.19208749721873,-79.22418950853204,0,0,90,2025-06,OK,,
REvZxmQvXuIEMz-Pt_DxGw_0.jpg,REvZxmQvXuIEMz-Pt_DxGw,43.18406025462056,-79.23583916903542,0,0,90,2025-06,OK,,
heMJBLBfiFEeGsuzympwKA_0.jpg,heMJBLBfiFEeGsuzympwKA,43.18216879670781,-79.23595653775727,0,0,90,2025-05,OK,,
ckhPPNdssXGT7lRIJCeaKg_0.jpg,ckhPPNdssXGT7lRIJCeaKg,43.17924617558091,-79.22914469307139,0,0,90,2022-10,OK,,
hWS7G0gzz8BGSR9K5Q-PkA_0.jpg,hWS7G0gzz8BGSR9K5Q-PkA,43.19523326335997,-79.23391073864963,0,0,90,2012-07,OK,,
jGw0iDXxOx5U50h3pLFZGA_0.jpg,jGw0iDXxOx5U50h3pLFZGA,43.19324274333344,-79.23238756820506,0,0,90,2025-06,OK,,
p35p0g9dfaxaFOl862ESew_0.jpg,p35p0g9dfaxaFOl862ESew,43.1961489181825,-79.24278088107334,0,0,90,2025-06,OK,,
MxOLy9Jpu4tti9cN8xfvww_0.jpg,MxOLy9Jpu4tti9cN8xfvww,43.19616651750312,-79.23265922975492,0,0,90,2025-06,OK,,
-NpiYqGdrE0IPSNzzaMufA_0.jpg,-NpiYqGdrE0IPSNzzaMufA,43.18338566186121,-79.22569749361733,0,0,90,2025-06,OK,,
PIlCFUUr1XR5LwQehCw3jw_0.jpg,PIlCFUUr1XR5LwQehCw3jw,43.19698403813448,-79.22326627204579,0,0,90,2025-06,OK,,
5bINbxxtdbl-4JmlcNV5rg_0.jpg,5bINbxxtdbl-4JmlcNV5rg,43.18113792975237,-79.23886360408578,0,0,90,2025-05,OK,,
3b1-FeELCd-C8tWERMtGRQ_0.jpg,3b1-FeELCd-C8tWERMtGRQ,43.19279082817576,-79.22319071220836,0,0,90,2020-10,OK,,
BHCEElnbQKlNawXyCpS-Ag_0.jpg,BHCEElnbQKlNawXyCpS-Ag,43.19029222519868,-79.23099138583804,0,0,90,2025-06,OK,,
DzvFHP2c0gLlk_VVF1fcxw_0.jpg,DzvFHP2c0gLlk_VVF1fcxw,43.18584173572325,-79.23195146243508,0,0,90,2025-06,OK,,
B3vAw0PEjbMJZ0qNeNs3Lw_0.jpg,B3vAw0PEjbMJZ0qNeNs3Lw,43.17964596722588,-79.2250478487223,0,0,90,2025-06,OK,,
T_xMrmrPb0Yo5SzXptCwMA_0.jpg,T_xMrmrPb0Yo5SzXptCwMA,43.1794477557954,-79.22858164248693,0,0,90,2022-10,OK,,
7kiEXo1pk-gxj9j_lJM_1w_0.jpg,7kiEXo1pk-gxj9j_lJM_1w,43.18762558896768,-79.22745243322193,0,0,90,2020-10,OK,,
6--jLOTs2OUSv7_a07tHSg_0.jpg,6--jLOTs2OUSv7_a07tHSg,43.19065988206292,-79.22284466803221,0,0,90,2025-06,OK,,
gQHGtNk9VzkP5EGeZ59uzA_0.jpg,gQHGtNk9VzkP5EGeZ59uzA,43.17996479503726,-79.23873333226686,0,0,90,2025-05,OK,,
CK0LWX-M_A8y91EYBruDGg_0.jpg,CK0LWX-M_A8y91EYBruDGg,43.1849891307149,-79.24269604446364,0,0,90,2017-06,OK,,
AuoHMTaDYb9tLM2pRluj7Q_0.jpg,AuoHMTaDYb9tLM2pRluj7Q,43.19403979269276,-79.24053105020897,0,0,90,2022-10,OK,,
ZrwJV3jUmH8uI4zeSgLxVQ_0.jpg,ZrwJV3jUmH8uI4zeSgLxVQ,43.19051877189202,-79.24267909434074,0,0,90,2025-06,OK,,
N-QoJG5t96tfqLT3yaPbsA_0.jpg,N-QoJG5t96tfqLT3yaPbsA,43.18996626563995,-79.2343600008088,0,0,90,2023-07,OK,,
bM-CWVpkiP-3WRX78_mkuQ_0.jpg,bM-CWVpkiP-3WRX78_mkuQ,43.19416533192218,-79.23244134985389,0,0,90,2025-06,OK,,
kyVBqpC7HQGesbewXamvjQ_0.jpg,kyVBqpC7HQGesbewXamvjQ,43.19350087100917,-79.23751071298103,0,0,90,2020-10,OK,,
gfHWwn2i6vn7yMDv1SjUAQ_0.jpg,gfHWwn2i6vn7yMDv1SjUAQ,43.17983066710567,-79.23186911153287,0,0,90,2025-05,OK,,
B4UWuntuHNXezgjbH9SdWw_0.jpg,B4UWuntuHNXezgjbH9SdWw,43.18459539737404,-79.23271860452192,0,0,90,2019-07,OK,,
crTOhow-l5tMvh48xahoug_0.jpg,crTOhow-l5tMvh48xahoug,43.18326995590074,-79.23842692604161,0,0,90,2019-07,OK,,
uobgzyKmv30lZsvpDPvWBQ_0.jpg,uobgzyKmv30lZsvpDPvWBQ,43.18138439151383,-79.241713964786,0,0,90,2025-05,OK,,
OAkoDqnBLJxVVP74f9WmXg_0.jpg,OAkoDqnBLJxVVP74f9WmXg,43.19148578286269,-79.2194025736944,0,0,90,2025-06,OK,,
eLiFMGEIq27XnjrK6Mfvow_0.jpg,eLiFMGEIq27XnjrK6Mfvow,43.18328573951875,-79.22211496762554,0,0,90,2014-05,OK,,
B5zEZddJ1pF001djd_nViA_0.jpg,B5zEZddJ1pF001djd_nViA,43.19364646938539,-79.22305732054778,0,0,90,2025-06,OK,,
F5wRTNp8zsEXIm88pkov9w_0.jpg,F5wRTNp8zsEXIm88pkov9w,43.19310241263289,-79.22606779522472,0,0,90,2025-06,OK,,
izShDcaq_yt5Rt0dFSUGpg_0.jpg,izShDcaq_yt5Rt0dFSUGpg,43.19630695181021,-79.2213114214313,0,0,90,2025-06,OK,,
mn2VDMRCOlk3nc-ET21yfA_0.jpg,mn2VDMRCOlk3nc-ET21yfA,43.18897602872565,-79.23467597168315,0,0,90,2025-06,OK,,
z_pJ0PjqEgMS5aWL3iyhxA_0.jpg,z_pJ0PjqEgMS5aWL3iyhxA,43.18687448932964,-79.23422507610319,0,0,90,2017-06,OK,,
TuRn8cbMfJ5Sg7RdHuWYHA_0.jpg,TuRn8cbMfJ5Sg7RdHuWYHA,43.18194584000106,-79.23421337344102,0,0,90,2025-05,OK,,
GdhyBA3zT1Xg7m3PlHm7hQ_0.jpg,GdhyBA3zT1Xg7m3PlHm7hQ,43.18947716940769,-79.23899938257937,0,0,90,2025-06,OK,,
d2l_V8b4P2LxCQZ2VIWVXQ_0.jpg,d2l_V8b4P2LxCQZ2VIWVXQ,43.1892019266209,-79.22691045615184,0,0,90,2022-10,OK,,
oqZ5gFVI2erRIYT8uZZCFw_0.jpg,oqZ5gFVI2erRIYT8uZZCFw,43.17979071280364,-79.22089402566037,0,0,90,2025-06,OK,,
aY_oh2--cBWJVmYEbvoa6Q_0.jpg,aY_oh2--cBWJVmYEbvoa6Q,43.1930579479437,-79.2340293144673,0,0,90,2025-06,OK,,
JT5s2ZgA-H8SCyupt574qw_0.jpg,JT5s2ZgA-H8SCyupt574qw,43.19046060256066,-79.22900149972251,0,0,90,2019-07,OK,,
0kv0bFDIf6aVF4PE6OLIdg_0.jpg,0kv0bFDIf6aVF4PE6OLIdg,43.18987934483003,-79.22410319215632,0,0,90,2012-08,OK,,
IrUNakX60ttVfA9a5rwT3g_0.jpg,IrUNakX60ttVfA9a5rwT3g,43.19139625738305,-79.23473207533304,0,0,90,2025-06,OK,,
hqmmts_h5Jsq073tBnBLSg_0.jpg,hqmmts_h5Jsq073tBnBLSg,43.18242004855625,-79.23559333099571,0,0,90,2025-05,OK,,
ryiVFg1q6e-By9iGOFFTfw_0.jpg,ryiVFg1q6e-By9iGOFFTfw,43.19389395075043,-79.22756740286907,0,0,90,2022-10,OK,,
I8BBG3akANdb4gwSPgO7LQ_0.jpg,I8BBG3akANdb4gwSPgO7LQ,43.19032953090555,-79.24264657074615,0,0,90,2025-06,OK,,
FIhmca-VUGtv5buIvwFHuw_0.jpg,FIhmca-VUGtv5buIvwFHuw,43.18905892047558,-79.22098146377301,0,0,90,2025-06,OK,,
nDZNafKGK8Izt8xvQQQLrA_0.jpg,nDZNafKGK8Izt8xvQQQLrA,43.1907964865652,-79.24269157031982,0,0,90,2025-06,OK,,
gejBjigQi1Vl4ifVj9IdFA_0.jpg,gejBjigQi1Vl4ifVj9IdFA,43.19593871100047,-79.22129679109537,0,0,90,2025-06,OK,,
X4TUmWfgzKgqwATfXSESTQ_0.jpg,X4TUmWfgzKgqwATfXSESTQ,43.19472736472322,-79.2397589813314,0,0,90,2025-06,OK,,
J7aUCXEb5zPkMQRMiPPKRg_0.jpg,J7aUCXEb5zPkMQRMiPPKRg,43.18465473175613,-79.23559496590254,0,0,90,2025-06,OK,,
LmVmrSnrejX6m38QFWs74A_0.jpg,LmVmrSnrejX6m38QFWs74A,43.19547751864199,-79.2375488313396,0,0,90,2025-06,OK,,
dN1sMOy9FYEBPacxMexhTg_0.jpg,dN1sMOy9FYEBPacxMexhTg,43.17954641789094,-79.2240142078935,0,0,90,2025-06,OK,,
uNZ698j2BJDr3e2ZxNCPqA_0.jpg,uNZ698j2BJDr3e2ZxNCPqA,43.18663604446547,-79.24271591998456,0,0,90,2025-05,OK,,
1AfznNaMDlS50NIkQ_SMjA_0.jpg,1AfznNaMDlS50NIkQ_SMjA,43.18075459953457,-79.23990938597449,0,0,90,2025-05,OK,,
teR87S5zxF2Ov1Z_oTuOMw_0.jpg,teR87S5zxF2Ov1Z_oTuOMw,43.1918695310832,-79.22088266558465,0,0,90,2025-06,OK,,
54IxcH7xShtvWt9AnqVXew_0.jpg,54IxcH7xShtvWt9AnqVXew,43.19451338340107,-79.24168496858552,0,0,90,2025-06,OK,,
xH-txdSakPBxO-lQyeFpRQ_0.jpg,xH-txdSakPBxO-lQyeFpRQ,43.17988103993562,-79.23867542406215,0,0,90,2025-05,OK,,
BDWT09G0uD0UKEADW7D_PA_0.jpg,BDWT09G0uD0UKEADW7D_PA,43.19695972033281,-79.22751637219721,0,0,90,2025-06,OK,,
eiFciaVkzdDKCPTmNHsGNA_0.jpg,eiFciaVkzdDKCPTmNHsGNA,43.18948535239629,-79.22280103591073,0,0,90,2025-06,OK,,
d25IwTPB2cQPenv-r_lW5w_0.jpg,d25IwTPB2cQPenv-r_lW5w,43.18061396750363,-79.24023110310706,0,0,90,2025-05,OK,,
kK6H657WkllQDMalbPi-iQ_0.jpg,kK6H657WkllQDMalbPi-iQ,43.18883269036196,-79.24045318107345,0,0,90,2025-06,OK,,
OjIoewbB3JnuY9EZ8kd_NQ_0.jpg,OjIoewbB3JnuY9EZ8kd_NQ,43.18547298541056,-79.2412286859495,0,0,90,2025-06,OK,,
5SQ6rKazOZiyCU09I8EyMA_0.jpg,5SQ6rKazOZiyCU09I8EyMA,43.19304746003925,-79.22576065927464,0,0,90,2025-06,OK,,
PUlregfJICq5eL4VOfyHLQ_0.jpg,PUlregfJICq5eL4VOfyHLQ,43.18031134804969,-79.22734021720329,0,0,90,2025-06,OK,,
DYB5mm9GhM5YQYPTw7aaKg_0.jpg,DYB5mm9GhM5YQYPTw7aaKg,43.19553343391537,-79.22584077805145,0,0,90,2025-06,OK,,
EIi04IffgK7t8SQ0YcoSkw_0.jpg,EIi04IffgK7t8SQ0YcoSkw,43.19559506765246,-79.233815051814,0,0,90,2022-10,OK,,
tCo4ePu5_UBl5WFQbBarww_0.jpg,tCo4ePu5_UBl5WFQbBarww,43.18427374642754,-79.24116501442677,0,0,90,2025-06,OK,,
pjiVOMzkN2obYJzoXsBM-Q_0.jpg,pjiVOMzkN2obYJzoXsBM-Q,43.19194146082665,-79.21901159077404,0,0,90,2025-06,OK,,
wbxOn4a12YTxSm3bmIWJEA_0.jpg,wbxOn4a12YTxSm3bmIWJEA,43.1876124037374,-79.23536375537496,0,0,90,2025-06,OK,,
Xi92zDwfTb197-E9H7HJIg_0.jpg,Xi92zDwfTb197-E9H7HJIg,43.18031048548061,-79.24098552933451,0,0,90,2025-06,OK,,
tpXWpXvzbvvyMOvQs-T5dQ_0.jpg,tpXWpXvzbvvyMOvQs-T5dQ,43.19556422689898,-79.22870796988668,0,0,90,2025-06,OK,,
N7HZJIVeQ-3mzpVxx6_9kg_0.jpg,N7HZJIVeQ-3mzpVxx6_9kg,43.18754036606659,-79.24133795994874,0,0,90,2025-06,OK,,
cvHISFS1MZQWhFNzRikIIA_0.jpg,cvHISFS1MZQWhFNzRikIIA,43.19222482987108,-79.23235796677241,0,0,90,2025-06,OK,,
ZqHGZKK4hhIIMQ6jFoea_w_0.jpg,ZqHGZKK4hhIIMQ6jFoea_w,43.18341212908561,-79.2307621431898,0,0,90,2014-05,OK,,
DEJJLqAmiCBtKqms1ryflw_0.jpg,DEJJLqAmiCBtKqms1ryflw,43.19153915344778,-79.22180833513822,0,0,90,2022-09,OK,,
EcbmxalekH3avhpl9mBNZA_0.jpg,EcbmxalekH3avhpl9mBNZA,43.19640359755861,-79.2213152941669,0,0,90,2025-06,OK,,
hrV_rZKWS-qgYSsuxhaXvw_0.jpg,hrV_rZKWS-qgYSsuxhaXvw,43.19572311194396,-79.23077737441912,0,0,90,2025-06,OK,,
7SbKz0OwxYw_sjBQ3r7zcg_0.jpg,7SbKz0OwxYw_sjBQ3r7zcg,43.1964148528082,-79.23130719592857,0,0,90,2025-06,OK,,
f8n0jbNxeWpVKSnaqP8eHw_0.jpg,f8n0jbNxeWpVKSnaqP8eHw,43.18555039170015,-79.22257547387146,0,0,90,2025-06,OK,,
4O1yad_-twLeFLyjWoeFMQ_0.jpg,4O1yad_-twLeFLyjWoeFMQ,43.18170826309397,-79.22226806834487,0,0,90,2025-06,OK,,
7eP9Wp0-dfrncJBq9tdE3g_0.jpg,7eP9Wp0-dfrncJBq9tdE3g,43.19455975361521,-79.2250824437814,0,0,90,2025-06,OK,,
EBCc563XEWEWxy8zlNMavg_0.jpg,EBCc563XEWEWxy8zlNMavg,43.18407964001553,-79.23418661220076,0,0,90,2025-06,OK,,
4ZHpyntJM4ZK2YJIemZdgg_0.jpg,4ZHpyntJM4ZK2YJIemZdgg,43.19264603728413,-79.24045094394815,0,0,90,2025-06,OK,,
SoLxoq6-ldPixChLxP0Dhg_0.jpg,SoLxoq6-ldPixChLxP0Dhg,43.19027249535443,-79.24185464355452,0,0,90,2019-07,OK,,
Zp8n_g4CzkhyFNMjbZXEYg_0.jpg,Zp8n_g4CzkhyFNMjbZXEYg,43.18235129203024,-79.23816861819219,0,0,90,2025-05,OK,,
y0umTj7gAp8o3Ww51qvJUQ_0.jpg,y0umTj7gAp8o3Ww51qvJUQ,43.19118177444109,-79.22283365242949,0,0,90,2025-06,OK,,
bGkRHrTe4Zo4RoGuL0uqaw_0.jpg,bGkRHrTe4Zo4RoGuL0uqaw,43.19617386918151,-79.24227969005234,0,0,90,2025-06,OK,,
8GtavQRQ-L2zZ4-qK_xrWg_0.jpg,8GtavQRQ-L2zZ4-qK_xrWg,43.18584118587506,-79.22859016184688,0,0,90,2025-06,OK,,
sLFAbMgrrZl-SEl9ByewCA_0.jpg,sLFAbMgrrZl-SEl9ByewCA,43.193473650616,-79.22608681369694,0,0,90,2025-06,OK,,
77LpUSTve6RIRI0Pk90ZkA_0.jpg,77LpUSTve6RIRI0Pk90ZkA,43.17936747120564,-79.228805899321,0,0,90,2022-10,OK,,
GnHecfVJt-TsrKzxxTB52w_0.jpg,GnHecfVJt-TsrKzxxTB52w,43.17932691514764,-79.22891906018361,0,0,90,2022-10,OK,,
8vYIWjugb_6fYZJFcC9c1A_0.jpg,8vYIWjugb_6fYZJFcC9c1A,43.18279414374229,-79.24150479614806,0,0,90,2019-07,OK,,
0r-y-8Gh-Ks-_Ty0OxG--A_0.jpg,0r-y-8Gh-Ks-_Ty0OxG--A,43.18713374485696,-79.21848651958773,0,0,90,2025-06,OK,,
xY-NnqO2sYGUSkVx3uTOwA_0.jpg,xY-NnqO2sYGUSkVx3uTOwA,43.18020077633506,-79.23058935031388,0,0,90,2025-06,OK,,
LLNOaJOXE2jWkC_DRLxeRg_0.jpg,LLNOaJOXE2jWkC_DRLxeRg,43.19220464068533,-79.22708566533974,0,0,90,2025-06,OK,,
u8S3Lk2MzHk5aP6C8yTRAg_0.jpg,u8S3Lk2MzHk5aP6C8yTRAg,43.19516179794736,-79.24173108716724,0,0,90,2025-06,OK,,
p-jqZStAPQFFowP42q9Zsw_0.jpg,p-jqZStAPQFFowP42q9Zsw,43.18519627746394,-79.22790250072474,0,0,90,2025-06,OK,,
onQo_qNBvEROUnZqWD19gg_0.jpg,onQo_qNBvEROUnZqWD19gg,43.1920057575036,-79.23109344338381,0,0,90,2025-06,OK,,
3RreLUlWzd7WxXqc14jukA_0.jpg,3RreLUlWzd7WxXqc14jukA,43.19688120496707,-79.22758728158873,0,0,90,2025-06,OK,,
GiywCl2ey36YYuRS7T7vLw_0.jpg,GiywCl2ey36YYuRS7T7vLw,43.19086490012847,-79.23584708540542,0,0,90,2025-06,OK,,
8R1JPRn493zMgQ6MjKZA_w_0.jpg,8R1JPRn493zMgQ6MjKZA_w,43.19113413281577,-79.22708471872909,0,0,90,2025-06,OK,,
F9Z_It-gzx2mNDRMar-QQg_0.jpg,F9Z_It-gzx2mNDRMar-QQg,43.18823869928958,-79.24136867710516,0,0,90,2025-06,OK,,
FT5L-a0MytAJXCNz3sD-SQ_0.jpg,FT5L-a0MytAJXCNz3sD-SQ,43.18363345372389,-79.23787967739143,0,0,90,2012-07,OK,,
SF7TdKE3uErNd6Z2wvkQ4g_0.jpg,SF7TdKE3uErNd6Z2wvkQ4g,43.19593873648069,-79.22425869926859,0,0,90,2025-06,OK,,
36FneE-sCy0Y23OF9bkWZw_0.jpg,36FneE-sCy0Y23OF9bkWZw,43.1968152658639,-79.22767755329743,0,0,90,2025-06,OK,,
DB8xk3tyizjX7Fd5-mdHqQ_0.jpg,DB8xk3tyizjX7Fd5-mdHqQ,43.18698360171483,-79.23199242273158,0,0,90,2022-09,OK,,
e0dcKok3GLPJa88NzEBfkg_0.jpg,e0dcKok3GLPJa88NzEBfkg,43.19135386882932,-79.22915149130792,0,0,90,2020-10,OK,,
klh_8JxoffGF3ILM7Q6FSA_0.jpg,klh_8JxoffGF3ILM7Q6FSA,43.18201876642748,-79.22628930425103,0,0,90,2025-06,OK,,
Dkv4qYI73GxzOhMcj1qXAw_0.jpg,Dkv4qYI73GxzOhMcj1qXAw,43.18395169095407,-79.23555512579635,0,0,90,2025-06,OK,,
s0ZOV4P42Ef5nj03HDEBWQ_0.jpg,s0ZOV4P42Ef5nj03HDEBWQ,43.18937045470736,-79.22470361858561,0,0,90,2025-06,OK,,
3KmerLQkKItBCVhYsEJPkA_0.jpg,3KmerLQkKItBCVhYsEJPkA,43.18583238562685,-79.23565235971913,0,0,90,2025-06,OK,,
nkqoYPiO0hnUM2StqxiCSg_0.jpg,nkqoYPiO0hnUM2StqxiCSg,43.1951086968231,-79.22366059358437,0,0,90,2025-06,OK,,
_PeF5C-w5IfQlIVxR0ayBg_0.jpg,_PeF5C-w5IfQlIVxR0ayBg,43.18091061578422,-79.2417883051523,0,0,90,2025-05,OK,,
YpZT7ePIz3SVvyZ03zJ3PA_0.jpg,YpZT7ePIz3SVvyZ03zJ3PA,43.18779696772074,-79.23226064339187,0,0,90,2025-06,OK,,
RPMdnGcwq5420-w5oJpPDg_0.jpg,RPMdnGcwq5420-w5oJpPDg,43.19601815076453,-79.23598372873059,0,0,90,2025-06,OK,,
RDa6Fd31dR-Y7UeXxtVN8Q_0.jpg,RDa6Fd31dR-Y7UeXxtVN8Q,43.18769867238944,-79.23889062212865,0,0,90,2025-06,OK,,
iCqZVBIA1TCDQVCbbUTVhw_0.jpg,iCqZVBIA1TCDQVCbbUTVhw,43.1927729674247,-79.22838027557258,0,0,90,2025-06,OK,,
-7T40r0yTM7TEhlFB3-6jQ_0.jpg,-7T40r0yTM7TEhlFB3-6jQ,43.18266696518181,-79.2253351078076,0,0,90,2022-11,OK,,
-Qev7mKh6hnw4i1rrq31dg_0.jpg,-Qev7mKh6hnw4i1rrq31dg,43.19112756678759,-79.22108938432373,0,0,90,2022-10,OK,,
tIs7glD5oh1L2LLuILYAYQ_0.jpg,tIs7glD5oh1L2LLuILYAYQ,43.18158288455773,-79.22173277413054,0,0,90,2025-06,OK,,
J5DF-ESo915Hg-fz9VQgjw_0.jpg,J5DF-ESo915Hg-fz9VQgjw,43.19373884819381,-79.23923110042993,0,0,90,2022-10,OK,,
Ou-MOQ45tau8O4Ry4FsA3w_0.jpg,Ou-MOQ45tau8O4Ry4FsA3w,43.18197086301097,-79.23648744869332,0,0,90,2025-05,OK,,
2k_H3mOuwiZETHajwhSDrw_0.jpg,2k_H3mOuwiZETHajwhSDrw,43.19070702381589,-79.22106752482823,0,0,90,2022-10,OK,,
M1aMldU6JzR0I3OnmQBw9w_0.jpg,M1aMldU6JzR0I3OnmQBw9w,43.18821108265897,-79.23393990934723,0,0,90,2025-06,OK,,
02LvXwFwpmR_16sJnqx0ow_0.jpg,02LvXwFwpmR_16sJnqx0ow,43.19497942689635,-79.2200942557693,0,0,90,2012-07,OK,,
qCW0M14LOzrTEMAwsLSfyw_0.jpg,qCW0M14LOzrTEMAwsLSfyw,43.19428437211957,-79.23601195226418,0,0,90,2025-06,OK,,
c_8Q4YOufa_NL9IbIrroEg_0.jpg,c_8Q4YOufa_NL9IbIrroEg,43.17915939176279,-79.23480624912554,0,0,90,2025-05,OK,,
7lzy-dN3KSBOivKYJFpNLA_0.jpg,7lzy-dN3KSBOivKYJFpNLA,43.19656725126788,-79.24051229278776,0,0,90,2025-06,OK,,
GPfiVe9SkYKIeqqbi3rKaA_0.jpg,GPfiVe9SkYKIeqqbi3rKaA,43.18536233800567,-79.22962487109983,0,0,90,2025-06,OK,,
nhJLtE_NvQuxpGlGCZlpEg_0.jpg,nhJLtE_NvQuxpGlGCZlpEg,43.19108162497398,-79.2310453403891,0,0,90,2025-06,OK,,
LTtd2OK2hwJ3aRJesvU-EQ_0.jpg,LTtd2OK2hwJ3aRJesvU-EQ,43.19203372303957,-79.23585525991723,0,0,90,2025-06,OK,,
31EBP8uzfBDPB7XRB0h7LA_0.jpg,31EBP8uzfBDPB7XRB0h7LA,43.18457984893638,-79.22566496414784,0,0,90,2025-06,OK,,
rx_efPwHDL1GRSAbB_ynoA_0.jpg,rx_efPwHDL1GRSAbB_ynoA,43.18127351180755,-79.24205279806192,0,0,90,2025-05,OK,,
YjKLeuAyNnMwyM7Fto_dnA_0.jpg,YjKLeuAyNnMwyM7Fto_dnA,43.1794067604259,-79.23316202098054,0,0,90,2025-05,OK,,
KbD-xTxkr_2nm-B9kOcKAQ_0.jpg,KbD-xTxkr_2nm-B9kOcKAQ,43.19323227149332,-79.21976919939118,0,0,90,2025-06,OK,,
k2e8CGhcvw7MACiAvZq1_g_0.jpg,k2e8CGhcvw7MACiAvZq1_g,43.18655802907216,-79.23420562903145,0,0,90,2017-06,OK,,
QgxslpGF-s2e6A717RX5xA_0.jpg,QgxslpGF-s2e6A717RX5xA,43.19091113151534,-79.23056680460645,0,0,90,2025-06,OK,,
Y7sW9wW9-i2ksO4KsNhTrg_0.jpg,Y7sW9wW9-i2ksO4KsNhTrg,43.1916353580561,-79.23107416776813,0,0,90,2025-06,OK,,
lVlnK7WA6ytMtHhZcEWKng_0.jpg,lVlnK7WA6ytMtHhZcEWKng,43.194987957291,-79.2195720306786,0,0,90,2012-07,OK,,
nivBsn91JtgzTaWTyMntCw_0.jpg,nivBsn91JtgzTaWTyMntCw,43.18546738421704,-79.21946669026315,0,0,90,2025-06,OK,,
-HNR_rv4NxdYAPXYWJxusA_0.jpg,-HNR_rv4NxdYAPXYWJxusA,43.18750059625954,-79.22575050458055,0,0,90,2025-06,OK,,
vHaiZr8e330gCBAbecbKDg_0.jpg,vHaiZr8e330gCBAbecbKDg,43.19203957806998,-79.2263597842864,0,0,90,2025-06,OK,,
kqaMdQ96vSAwJrEmK3g6wg_0.jpg,kqaMdQ96vSAwJrEmK3g6wg,43.18633803054264,-79.22422952556872,0,0,90,2025-06,OK,,
OkakLXRVEJhK5pNkpswDog_0.jpg,OkakLXRVEJhK5pNkpswDog,43.18096658187687,-79.24155160315644,0,0,90,2025-05,OK,,
b5Y9kgwdbJiWKHxJNtf9wA_0.jpg,b5Y9kgwdbJiWKHxJNtf9wA,43.18688007582394,-79.23773830430555,0,0,90,2025-06,OK,,
P_lL4LXClKEdySfl0_sqew_0.jpg,P_lL4LXClKEdySfl0_sqew,43.18056508059193,-79.23798112514125,0,0,90,2025-05,OK,,
XrL6o5-iVkriDxZ0SnUpeg_0.jpg,XrL6o5-iVkriDxZ0SnUpeg,43.19425113453993,-79.22382427698534,0,0,90,2025-06,OK,,
-_5GClUBYwCKWDpGT_Wc9g_0.jpg,-_5GClUBYwCKWDpGT_Wc9g,43.18381625804725,-79.23592599092662,0,0,90,2025-06,OK,,
TwPNx2fZQP1Ip3lAhZkmgA_0.jpg,TwPNx2fZQP1Ip3lAhZkmgA,43.18676362333523,-79.22572442938646,0,0,90,2025-06,OK,,
L5qrcea_A6y-Tm59gVPy2g_0.jpg,L5qrcea_A6y-Tm59gVPy2g,43.18802364564243,-79.21845906536716,0,0,90,2025-06,OK,,
fQqm-Uf4LSs2rVVR5Hqr1w_0.jpg,fQqm-Uf4LSs2rVVR5Hqr1w,43.18968693469901,-79.2312254468243,0,0,90,2025-06,OK,,
5XpP4TLy-d9uhMAFWTqLZQ_0.jpg,5XpP4TLy-d9uhMAFWTqLZQ,43.18768373954968,-79.23258651712685,0,0,90,2019-07,OK,,
Y_2dUPiBAcDXtU_2JUoxTw_0.jpg,Y_2dUPiBAcDXtU_2JUoxTw,43.19357827417155,-79.24331080700578,0,0,90,2025-05,OK,,
C652hMReGRtUET9WUK8o3Q_0.jpg,C652hMReGRtUET9WUK8o3Q,43.18116795930538,-79.22549310853644,0,0,90,2018-10,OK,,
0v0xkBs781VsO3uiFVB-uw_0.jpg,0v0xkBs781VsO3uiFVB-uw,43.18067069415751,-79.23764236322839,0,0,90,2025-05,OK,,
9ZMt0QedVgiFeDwFeYyuHA_0.jpg,9ZMt0QedVgiFeDwFeYyuHA,43.18961376819875,-79.2185797261766,0,0,90,2025-06,OK,,
pOedfJ4ENRkum91JOEIPWw_0.jpg,pOedfJ4ENRkum91JOEIPWw,43.19285725982061,-79.2380014318872,0,0,90,2020-10,OK,,
9LMY_J6vvLAVZTcgv2SitQ_0.jpg,9LMY_J6vvLAVZTcgv2SitQ,43.18787568848938,-79.23202847810386,0,0,90,2025-06,OK,,
b-qzfKpk3tafSQTw6tM-5g_0.jpg,b-qzfKpk3tafSQTw6tM-5g,43.19051514129808,-79.21893026130313,0,0,90,2025-06,OK,,
ekTGP9ui1U8Jaun1DkUHwA_0.jpg,ekTGP9ui1U8Jaun1DkUHwA,43.19465232594117,-79.22506953517875,0,0,90,2025-06,OK,,
5DHCVg7Va9t03jp7FDHlnA_0.jpg,5DHCVg7Va9t03jp7FDHlnA,43.18604267827998,-79.225017814693,0,0,90,2025-06,OK,,
HHzGi2ndIe2le1VS-v8cQQ_0.jpg,HHzGi2ndIe2le1VS-v8cQQ,43.18959714628905,-79.2315703415101,0,0,90,2025-06,OK,,
IOQvPnhdpd8btIu-6vM3CQ_0.jpg,IOQvPnhdpd8btIu-6vM3CQ,43.18720145781127,-79.22993603892189,0,0,90,2022-10,OK,,
KSVy0lr5Wi2_yj9JNjgEAA_0.jpg,KSVy0lr5Wi2_yj9JNjgEAA,43.19520720141061,-79.22974044046364,0,0,90,2025-06,OK,,
H9d7b2DJV0niA0jqxRdCYA_0.jpg,H9d7b2DJV0niA0jqxRdCYA,43.19055848036508,-79.2390858573732,0,0,90,2025-06,OK,,
IOhV8PEuITXT_m3XNwu_2g_0.jpg,IOhV8PEuITXT_m3XNwu_2g,43.19316105200451,-79.23383630600263,0,0,90,2025-06,OK,,
gmXMKM-uMJwDCnIeYJFSdw_0.jpg,gmXMKM-uMJwDCnIeYJFSdw,43.18470050016138,-79.21869849344148,0,0,90,2025-06,OK,,
BzJmr_aT3u_SmdLNL-7OfA_0.jpg,BzJmr_aT3u_SmdLNL-7OfA,43.19269572861202,-79.23464826404002,0,0,90,2025-06,OK,,
wDjK7gPW99KfMhvk3Z9luA_0.jpg,wDjK7gPW99KfMhvk3Z9luA,43.18281491372242,-79.22523106469913,0,0,90,2022-11,OK,,
GtPPeC2QSlhQAJni4Bu6gQ_0.jpg,GtPPeC2QSlhQAJni4Bu6gQ,43.19329918214839,-79.23367444706051,0,0,90,2025-06,OK,,
uvvI97eY0mgowId5oU0CNA_0.jpg,uvvI97eY0mgowId5oU0CNA,43.19000024825534,-79.23560838934704,0,0,90,2025-06,OK,,
XOmKg9oouA50yyCnmJi26g_0.jpg,XOmKg9oouA50yyCnmJi26g,43.19477291134523,-79.23278159336421,0,0,90,2025-06,OK,,
-IdGMXt5zPFJx65g-iddHw_0.jpg,-IdGMXt5zPFJx65g-iddHw,43.19242768603489,-79.23919151999834,0,0,90,2012-07,OK,,
9dbk3PepNg9dvR7o1mDsMQ_0.jpg,9dbk3PepNg9dvR7o1mDsMQ,43.18796685706927,-79.21983598363671,0,0,90,2025-06,OK,,
7oN0NK4AqcUuicCsDUfv7A_0.jpg,7oN0NK4AqcUuicCsDUfv7A,43.18120864730525,-79.23323946590729,0,0,90,2025-05,OK,,
j2PdFnN9UV4ktbifo4_u-w_0.jpg,j2PdFnN9UV4ktbifo4_u-w,43.19602589326108,-79.22130023352756,0,0,90,2025-06,OK,,
d2wCNwoq_P80mYCnSHZ3rw_0.jpg,d2wCNwoq_P80mYCnSHZ3rw,43.19223371447938,-79.21986619144356,0,0,90,2025-06,OK,,
Z5043vDRFhcjhWMUkKzZxg_0.jpg,Z5043vDRFhcjhWMUkKzZxg,43.18053410003787,-79.24044844869297,0,0,90,2025-05,OK,,
Z4BLQKiSUPpww7vcQ271-Q_0.jpg,Z4BLQKiSUPpww7vcQ271-Q,43.18112340843096,-79.24250744190873,0,0,90,2025-05,OK,,
iYvdT2DsPGBop5mu-gMKAA_0.jpg,iYvdT2DsPGBop5mu-gMKAA,43.18907719534906,-79.21958201391449,0,0,90,2025-06,OK,,
8OVXMtc7e48_86SYOOTnDA_0.jpg,8OVXMtc7e48_86SYOOTnDA,43.1884573434134,-79.22505740109064,0,0,90,2025-06,OK,,
5xCKVAKMG9HJ0kZ98ArlvQ_0.jpg,5xCKVAKMG9HJ0kZ98ArlvQ,43.18813102361996,-79.2239654128123,0,0,90,2025-06,OK,,
8IWbb3Gv-pzJ1Fqq62LJaA_0.jpg,8IWbb3Gv-pzJ1Fqq62LJaA,43.18621926307156,-79.2367799216865,0,0,90,2025-06,OK,,
Wm4oTDV6_gADFWf0shEtWw_0.jpg,Wm4oTDV6_gADFWf0shEtWw,43.19267284377894,-79.23798964364963,0,0,90,2025-06,OK,,
XkAFBjVSodhBJo4kJbyQvg_0.jpg,XkAFBjVSodhBJo4kJbyQvg,43.19442508497632,-79.21867310479962,0,0,90,2025-06,OK,,
1TCRThzGxoUDu7svdxolnQ_0.jpg,1TCRThzGxoUDu7svdxolnQ,43.18054745769691,-79.2293824589499,0,0,90,2016-08,OK,,
scxxS9V_n4cWPUqYgp7JnA_0.jpg,scxxS9V_n4cWPUqYgp7JnA,43.18255556172527,-79.23513546991579,0,0,90,2025-05,OK,,
3ML0VVrZo_IwEmJ8_8ZfEQ_0.jpg,3ML0VVrZo_IwEmJ8_8ZfEQ,43.19099204548264,-79.231040607535,0,0,90,2025-06,OK,,
f6TIjomAQF0g5kTa_r4G-A_0.jpg,f6TIjomAQF0g5kTa_r4G-A,43.19292265578807,-79.220624051369,0,0,90,2025-06,OK,,
CORTnxF2TvpPF_nIRqTpRg_0.jpg,CORTnxF2TvpPF_nIRqTpRg,43.19348520385102,-79.23657383975159,0,0,90,2025-06,OK,,
_MskaX164e-DO7bBvek59A_0.jpg,_MskaX164e-DO7bBvek59A,43.18166553467253,-79.222382872206,0,0,90,2025-06,OK,,
-Kg4bxrpZao5BinyR5eHVQ_0.jpg,-Kg4bxrpZao5BinyR5eHVQ,43.18574733979548,-79.21970405028128,0,0,90,2025-06,OK,,
17QLyKlYwSuRwJdZ_GLSWA_0.jpg,17QLyKlYwSuRwJdZ_GLSWA,43.18049996270046,-79.23433048604599,0,0,90,2025-05,OK,,
dRrMsaMIvrj6e5CUtLaf1g_0.jpg,dRrMsaMIvrj6e5CUtLaf1g,43.18088448802636,-79.23699271479276,0,0,90,2025-05,OK,,
WPV4PvdafEPMnJadxBAwbQ_0.jpg,WPV4PvdafEPMnJadxBAwbQ,43.18064022023528,-79.2410004147363,0,0,90,2025-06,OK,,
TZN3a4sO0NMpfIZlqBDB-Q_0.jpg,TZN3a4sO0NMpfIZlqBDB-Q,43.18580788501508,-79.22790843850342,0,0,90,2025-06,OK,,
Yu0-9gYNeBCWrqIc3-liuw_0.jpg,Yu0-9gYNeBCWrqIc3-liuw,43.18859145462146,-79.24138416474324,0,0,90,2025-06,OK,,
brmel_7U4cqnGVQ0mBrm2g_0.jpg,brmel_7U4cqnGVQ0mBrm2g,43.18565984850829,-79.24124210858932,0,0,90,2025-06,OK,,
s1buvCP98qDd3ZAZmQrthA_0.jpg,s1buvCP98qDd3ZAZmQrthA,43.19348318775622,-79.22884109537574,0,0,90,2025-06,OK,,
h-ChxNgSAPdPu8hd0WsIpw_0.jpg,h-ChxNgSAPdPu8hd0WsIpw,43.18271674739267,-79.22521376719848,0,0,90,2022-11,OK,,
eOiO8HdMCxpIP0CXSHonhQ_0.jpg,eOiO8HdMCxpIP0CXSHonhQ,43.19339256831244,-79.23446618503918,0,0,90,2025-06,OK,,
q44WjOnvUOTRknzmPkXDVg_0.jpg,q44WjOnvUOTRknzmPkXDVg,43.18121528541315,-79.222611446793,0,0,90,2012-07,OK,,
sT1k6_a9zXuvLIhTDTuh8w_0.jpg,sT1k6_a9zXuvLIhTDTuh8w,43.18764517474956,-79.232696747728,0,0,90,2022-10,OK,,
NnWM3JIIN-eYCmk8El96HA_0.jpg,NnWM3JIIN-eYCmk8El96HA,43.18813454692973,-79.22203949292411,0,0,90,2025-06,OK,,
sJmM9Yao4S9cgLvN8Jo3qA_0.jpg,sJmM9Yao4S9cgLvN8Jo3qA,43.18196473002689,-79.23924022113573,0,0,90,2025-05,OK,,
FZTrIBAQH4E5PlobFhmGvA_0.jpg,FZTrIBAQH4E5PlobFhmGvA,43.1888248000979,-79.24071053616944,0,0,90,2015-06,OK,,
surg5ulkxjjTTzA4naHEIg_0.jpg,surg5ulkxjjTTzA4naHEIg,43.18525461300144,-79.22994481631787,0,0,90,2025-06,OK,,
JUkoBND5xHXzlw78SVz9eA_0.jpg,JUkoBND5xHXzlw78SVz9eA,43.18325225385345,-79.24112362791386,0,0,90,2025-06,OK,,
KLFmG4WHr-zr5nuiv0_Rng_0.jpg,KLFmG4WHr-zr5nuiv0_Rng,43.19397323818642,-79.24202036029233,0,0,90,2025-05,OK,,
WgVryWjm2bvzjYLRaJBkBw_0.jpg,WgVryWjm2bvzjYLRaJBkBw,43.18282972466677,-79.23161319510278,0,0,90,2014-05,OK,,
K6KRxncq0ayvgyMuUNLqKQ_0.jpg,K6KRxncq0ayvgyMuUNLqKQ,43.19282585892507,-79.24046126914136,0,0,90,2025-06,OK,,
cWRdD-CAHLbCcfsM9su59A_0.jpg,cWRdD-CAHLbCcfsM9su59A,43.18731024655978,-79.2197697157644,0,0,90,2025-06,OK,,
oor6lBhb7NTsxmKtEK8inQ_0.jpg,oor6lBhb7NTsxmKtEK8inQ,43.18418231935068,-79.24116174480687,0,0,90,2025-06,OK,,
mBOebMfWCBrLnRcJ5ybPpw_0.jpg,mBOebMfWCBrLnRcJ5ybPpw,43.17976823609582,-79.23694831481522,0,0,90,2025-05,OK,,
ba-gtU4JhzF8324kI78ILQ_0.jpg,ba-gtU4JhzF8324kI78ILQ,43.18961078606006,-79.22972039009275,0,0,90,2025-06,OK,,
a7i7uOnFXCBzplpexA0vtw_0.jpg,a7i7uOnFXCBzplpexA0vtw,43.18957495641029,-79.22052568311315,0,0,90,2025-06,OK,,
QbTe32R8Bx0ainX24SJ9fA_0.jpg,QbTe32R8Bx0ainX24SJ9fA,43.19217308059161,-79.22921801073537,0,0,90,2022-10,OK,,
zGSgg2HJ89MagOz1F1UA4Q_0.jpg,zGSgg2HJ89MagOz1F1UA4Q,43.19034892241311,-79.2307728136558,0,0,90,2025-06,OK,,
FBl2cQvWFiRT43eFRQHJew_0.jpg,FBl2cQvWFiRT43eFRQHJew,43.18005348842912,-79.22056182894089,0,0,90,2025-06,OK,,
Ltr-GgHurJ3uexLMfj78Dw_0.jpg,Ltr-GgHurJ3uexLMfj78Dw,43.18511189439366,-79.23985793178159,0,0,90,2025-06,OK,,
L_MBiEmNML3GOsMU3W4xKQ_0.jpg,L_MBiEmNML3GOsMU3W4xKQ,43.18016039335701,-79.22297651092728,0,0,90,2012-07,OK,,
pMgyZNOf1elnXRsDTIzPRg_0.jpg,pMgyZNOf1elnXRsDTIzPRg,43.19154716613499,-79.23906331370327,0,0,90,2025-06,OK,,
ZLyhMTerLMoq7YIQG4wH1g_0.jpg,ZLyhMTerLMoq7YIQG4wH1g,43.19313223480176,-79.238019071218,0,0,90,2020-10,OK,,
hogQc8ID0aPOciOpVzfc0A_0.jpg,hogQc8ID0aPOciOpVzfc0A,43.18894879437757,-79.23081885153955,0,0,90,2025-06,OK,,
JaVzzF3fWA-lBLujDJS8qQ_0.jpg,JaVzzF3fWA-lBLujDJS8qQ,43.1888431556983,-79.23394008144571,0,0,90,2025-06,OK,,
HUYiE0o1Hx6bWHh3ZL6d1g_0.jpg,HUYiE0o1Hx6bWHh3ZL6d1g,43.18236997096182,-79.2363279175862,0,0,90,2025-05,OK,,
SuLUH6Ce12-H656RRsWvTw_0.jpg,SuLUH6Ce12-H656RRsWvTw,43.18826101939914,-79.23780266651589,0,0,90,2025-06,OK,,
IATYXDYezvHv5GYVsbO9tQ_0.jpg,IATYXDYezvHv5GYVsbO9tQ,43.19059282177071,-79.21887974232656,0,0,90,2025-06,OK,,
IwD2yxfxtcuL4eISmVuMBw_0.jpg,IwD2yxfxtcuL4eISmVuMBw,43.19677581157885,-79.23376221749433,0,0,90,2025-06,OK,,
MDExnwCRW1GLfoGiYYlxQg_0.jpg,MDExnwCRW1GLfoGiYYlxQg,43.18760697515346,-79.2388859757142,0,0,90,2025-06,OK,,
vq4or2uRkmABqp3Lnl-zzA_0.jpg,vq4or2uRkmABqp3Lnl-zzA,43.18008694688612,-79.22745880130486,0,0,90,2025-06,OK,,
wy8vMNyqWjDaw_TreZ_ucw_0.jpg,wy8vMNyqWjDaw_TreZ_ucw,43.18295091531719,-79.23978668746796,0,0,90,2025-05,OK,,
L8OWw-U50m9cVJgYM-Ulwg_0.jpg,L8OWw-U50m9cVJgYM-Ulwg,43.1799962692139,-79.22705786940489,0,0,90,2025-06,OK,,
9FYBAQyyzE7McFtDwi-Ywg_0.jpg,9FYBAQyyzE7McFtDwi-Ywg,43.1805583313334,-79.21968494445714,0,0,90,2025-06,OK,,
S5ARLER6wcl1h4ctRZrJrQ_0.jpg,S5ARLER6wcl1h4ctRZrJrQ,43.18247769104474,-79.237840268482,0,0,90,2025-05,OK,,
BUY7QLC5qIyrodKfMmd7yA_0.jpg,BUY7QLC5qIyrodKfMmd7yA,43.19583791159926,-79.23304542322055,0,0,90,2025-06,OK,,
T1Bwop9LJnPh6Q6yXIlBDg_0.jpg,T1Bwop9LJnPh6Q6yXIlBDg,43.18403609657214,-79.23152473425147,0,0,90,2025-05,OK,,
pTf4mGO9llPg4YcXNMH2aw_0.jpg,pTf4mGO9llPg4YcXNMH2aw,43.18530616290625,-79.226377942138,0,0,90,2025-06,OK,,
e5EM1n-nkXq5DmXTUj8utA_0.jpg,e5EM1n-nkXq5DmXTUj8utA,43.18617772910282,-79.23689126597608,0,0,90,2025-06,OK,,
j6TORozVlvvhoY_4aoO6Xg_0.jpg,j6TORozVlvvhoY_4aoO6Xg,43.1861939096306,-79.22179215579317,0,0,90,2025-06,OK,,
JiyggP3dN11wnVEwx_1sjw_0.jpg,JiyggP3dN11wnVEwx_1sjw,43.19066244436041,-79.22920372584288,0,0,90,2019-07,OK,,
4mFuTBYbrbAI04VnnCyZSw_0.jpg,4mFuTBYbrbAI04VnnCyZSw,43.19250452439395,-79.23797888795711,0,0,90,2025-06,OK,,
hIrOFTvDQy3da-3eKoLMwg_0.jpg,hIrOFTvDQy3da-3eKoLMwg,43.18779487775267,-79.21940618832092,0,0,90,2025-06,OK,,
Nnma-SLgvIdFoUOiiewZkg_0.jpg,Nnma-SLgvIdFoUOiiewZkg,43.19392994919392,-79.2351691147356,0,0,90,2025-06,OK,,
G8x7WUekP-VtYRwshUTVDg_0.jpg,G8x7WUekP-VtYRwshUTVDg,43.19725415251606,-79.24098922917449,0,0,90,2025-06,OK,,
ovA0XDCEb2L4N7yeznRYgQ_0.jpg,ovA0XDCEb2L4N7yeznRYgQ,43.18771077913372,-79.23778184345265,0,0,90,2025-06,OK,,
UXbhFjEzc2jX8UVSMURz_g_0.jpg,UXbhFjEzc2jX8UVSMURz_g,43.1868012708034,-79.2308626520473,0,0,90,2025-06,OK,,
tI9ncM2nq5NQMWfA0mdCfQ_0.jpg,tI9ncM2nq5NQMWfA0mdCfQ,43.18012360991555,-79.2409698695451,0,0,90,2025-06,OK,,
YbzZzR70Ixjm9UgpXSF96g_0.jpg,YbzZzR70Ixjm9UgpXSF96g,43.19502718443636,-79.23691535900437,0,0,90,2025-06,OK,,
KKCppsHGcI9DGT_KJaYD7w_0.jpg,KKCppsHGcI9DGT_KJaYD7w,43.19376475276198,-79.22118327682342,0,0,90,2025-06,OK,,
L11W0Qv03TFdsXzXtM_maA_0.jpg,L11W0Qv03TFdsXzXtM_maA,43.18057354255595,-79.2403396038761,0,0,90,2025-05,OK,,
lrGKpM2_JPgEve4BPagJ9A_0.jpg,lrGKpM2_JPgEve4BPagJ9A,43.19234856679599,-79.22932428682525,0,0,90,2025-06,OK,,
TRkGWqHb7dmi5zZ-wdhifA_0.jpg,TRkGWqHb7dmi5zZ-wdhifA,43.190920928085,-79.22001628365065,0,0,90,2025-06,OK,,
i6bMX_BK-z_c40v_6GiP3g_0.jpg,i6bMX_BK-z_c40v_6GiP3g,43.19492376793036,-79.24042418448384,0,0,90,2025-06,OK,,
ucNTp9DEEP3ZRkGvp1QRcw_0.jpg,ucNTp9DEEP3ZRkGvp1QRcw,43.18847384278713,-79.22910794816431,0,0,90,2022-10,OK,,
mpcv0eXhJMjuu1o8vk29qQ_0.jpg,mpcv0eXhJMjuu1o8vk29qQ,43.18895164710453,-79.22368245247773,0,0,90,2025-06,OK,,
0EII3N0h-hHMl1KMyW3HVQ_0.jpg,0EII3N0h-hHMl1KMyW3HVQ,43.18771945052091,-79.2274144828809,0,0,90,2020-10,OK,,
Tu_JuPM7JhR0emTAqVcO9w_0.jpg,Tu_JuPM7JhR0emTAqVcO9w,43.18984964361855,-79.21974122917119,0,0,90,2025-06,OK,,
s2Z-p0Z8G0eoEEx8YEeMqQ_0.jpg,s2Z-p0Z8G0eoEEx8YEeMqQ,43.19195006883033,-79.22826711406186,0,0,90,2025-06,OK,,
RgH0KUl5qzlyfIwWHQlGwg_0.jpg,RgH0KUl5qzlyfIwWHQlGwg,43.19043001127788,-79.22105926297034,0,0,90,2022-10,OK,,
ouAMCTgsOhli9MGBvW23eQ_0.jpg,ouAMCTgsOhli9MGBvW23eQ,43.19576135648531,-79.23066464605333,0,0,90,2025-06,OK,,
8sjVmknJbyq3p3O6zbNWTA_0.jpg,8sjVmknJbyq3p3O6zbNWTA,43.18797310013807,-79.24135697533247,0,0,90,2025-06,OK,,
nZvicrCIwtuFactTt6hGkQ_0.jpg,nZvicrCIwtuFactTt6hGkQ,43.19319759187538,-79.22418141906451,0,0,90,2025-06,OK,,
Y9t_Vb9GfzT2xceb-_WhOw_0.jpg,Y9t_Vb9GfzT2xceb-_WhOw,43.18162440910248,-79.22249070509048,0,0,90,2025-06,OK,,
lopuk8pTu8Wm_30s0v6TxQ_0.jpg,lopuk8pTu8Wm_30s0v6TxQ,43.19445949332113,-79.23809995396086,0,0,90,2025-06,OK,,
ijL4Ljs0IQl3AUNuoKPPSQ_0.jpg,ijL4Ljs0IQl3AUNuoKPPSQ,43.19561609756425,-79.23714295177052,0,0,90,2025-06,OK,,
fQhOjLe1r49s9GGYC1Dj-w_0.jpg,fQhOjLe1r49s9GGYC1Dj-w,43.18136394688028,-79.23392201110316,0,0,90,2025-05,OK,,
uzI_J7JBmwAIAkmfV_FQug_0.jpg,uzI_J7JBmwAIAkmfV_FQug,43.18634103736184,-79.24242880003811,0,0,90,2025-05,OK,,
Rb5Kzps3GfAo5E4BYMfRjg_0.jpg,Rb5Kzps3GfAo5E4BYMfRjg,43.18013034495178,-79.22987347843856,0,0,90,2016-08,OK,,
ABiRNIrU-tcibVe6aJtImQ_0.jpg,ABiRNIrU-tcibVe6aJtImQ,43.19054984560824,-79.21999752213785,0,0,90,2025-06,OK,,
U-o1jDFJ_Iy1IxmRjdEOzA_0.jpg,U-o1jDFJ_Iy1IxmRjdEOzA,43.1950960841211,-79.23503961223018,0,0,90,2012-07,OK,,
GUa2kT1ewWZRrRuxwjfjZQ_0.jpg,GUa2kT1ewWZRrRuxwjfjZQ,43.18054016292428,-79.21873928738052,0,0,90,2025-06,OK,,
l5djdq6C19qh-8bv8G-nHw_0.jpg,l5djdq6C19qh-8bv8G-nHw,43.19425474701541,-79.2349904786748,0,0,90,2012-07,OK,,
Dnoi-A4fndS_v-ELyt4BRg_0.jpg,Dnoi-A4fndS_v-ELyt4BRg,43.18976144163411,-79.22281566601289,0,0,90,2025-06,OK,,
md9aeE579-6scI7htJC4xw_0.jpg,md9aeE579-6scI7htJC4xw,43.19510768495433,-79.21869789099921,0,0,90,2025-06,OK,,
Tn0MEMC4Z65C88cIBJNj2g_0.jpg,Tn0MEMC4Z65C88cIBJNj2g,43.19057729753838,-79.24149705233928,0,0,90,2021-04,OK,,
HTwc8_eFO-lVKldiyBLRFg_0.jpg,HTwc8_eFO-lVKldiyBLRFg,43.17948779251931,-79.22846994414066,0,0,90,2022-10,OK,,
WOzPZ5hZFA26LBo4t7V2AA_0.jpg,WOzPZ5hZFA26LBo4t7V2AA,43.1928692914944,-79.23545814991658,0,0,90,2025-06,OK,,
E6unNg69OoruZCzFmbqlgg_0.jpg,E6unNg69OoruZCzFmbqlgg,43.19186096528932,-79.23239522671373,0,0,90,2025-06,OK,,
72qB1YAsU8kOQzSBeA6w5w_0.jpg,72qB1YAsU8kOQzSBeA6w5w,43.19563254140976,-79.24176180419515,0,0,90,2025-06,OK,,
kQ4XeKJ3qgP7n7mP8eLfnw_0.jpg,kQ4XeKJ3qgP7n7mP8eLfnw,43.19223597828476,-79.22986754078394,0,0,90,2025-06,OK,,
euk2KtZjeyzgiENmNis8cA_0.jpg,euk2KtZjeyzgiENmNis8cA,43.1958243518196,-79.23654286288725,0,0,90,2025-06,OK,,
rpEFcBCNDYiHeWtEtdiHnQ_0.jpg,rpEFcBCNDYiHeWtEtdiHnQ,43.18158045077175,-79.23219774025146,0,0,90,2025-05,OK,,
fpVyyjbxQhmXPh1SHktieQ_0.jpg,fpVyyjbxQhmXPh1SHktieQ,43.18924808989976,-79.22824009296619,0,0,90,2025-06,OK,,
0DZYy_sQx2iXcPFRWAdN4A_0.jpg,0DZYy_sQx2iXcPFRWAdN4A,43.18486274438987,-79.23195783021343,0,0,90,2019-07,OK,,
4YuX-4WLUyPA9nJidTd3Cg_0.jpg,4YuX-4WLUyPA9nJidTd3Cg,43.18888709337092,-79.23839431492989,0,0,90,2025-06,OK,,
zb9KOvAQm76OFmqploVtzA_0.jpg,zb9KOvAQm76OFmqploVtzA,43.18884062303285,-79.22276506306163,0,0,90,2025-06,OK,,
MvMBU23WicUo1OtLUjPh7g_0.jpg,MvMBU23WicUo1OtLUjPh7g,43.18732315249823,-79.22294966043098,0,0,90,2025-06,OK,,
t1IK1utJ18dHhBVZiqHL5Q_0.jpg,t1IK1utJ18dHhBVZiqHL5Q,43.19014592934321,-79.22999963199779,0,0,90,2025-06,OK,,
fBuA5Oznijj9YvyI3THkgw_0.jpg,fBuA5Oznijj9YvyI3THkgw,43.19602876505485,-79.2312769917941,0,0,90,2025-06,OK,,
fr_PghZ2y1lG6P1pOhoAhQ_0.jpg,fr_PghZ2y1lG6P1pOhoAhQ,43.18041783955834,-79.2369911659567,0,0,90,2025-05,OK,,
JhXx5ipVzMNyFCOdwacs5w_0.jpg,JhXx5ipVzMNyFCOdwacs5w,43.18917196986153,-79.23534585740195,0,0,90,2025-06,OK,,
mjEyVHq5Y2_u3Y90HLHRZA_0.jpg,mjEyVHq5Y2_u3Y90HLHRZA,43.19364435393569,-79.22724220018794,0,0,90,2025-06,OK,,
1lYbnqrFezSaHDJ8oe5oEA_0.jpg,1lYbnqrFezSaHDJ8oe5oEA,43.19266004583856,-79.22711931303937,0,0,90,2025-06,OK,,
Az0I55nYvnlm1R6c8QrXBg_0.jpg,Az0I55nYvnlm1R6c8QrXBg,43.18592874269822,-79.2275714474574,0,0,90,2025-06,OK,,
Vuf0FwX24rvFl7t_dVJKUw_0.jpg,Vuf0FwX24rvFl7t_dVJKUw,43.19148563098398,-79.21927795505738,0,0,90,2025-06,OK,,
oGs8ShYZvIW3JlQMJwSpsQ_0.jpg,oGs8ShYZvIW3JlQMJwSpsQ,43.19534769964033,-79.24174321910384,0,0,90,2025-06,OK,,
a8NnqzDlAxCA-o7QGzdPbg_0.jpg,a8NnqzDlAxCA-o7QGzdPbg,43.18407395471439,-79.21884910388808,0,0,90,2025-06,OK,,
pjKrs3Okml8-zpsz5O0Onw_0.jpg,pjKrs3Okml8-zpsz5O0Onw,43.18065522447402,-79.2252007725566,0,0,90,2025-06,OK,,
nvvpMS_IcqAla2xZLSLlDg_0.jpg,nvvpMS_IcqAla2xZLSLlDg,43.18139143309529,-79.23218715599798,0,0,90,2025-05,OK,,
aSsW7VQQCVe7C1svkWmfWg_0.jpg,aSsW7VQQCVe7C1svkWmfWg,43.1836353406077,-79.2358967347978,0,0,90,2025-06,OK,,
9McO6rkh0WxHOfq8SOf_pw_0.jpg,9McO6rkh0WxHOfq8SOf_pw,43.19524541390624,-79.22962969007838,0,0,90,2025-06,OK,,
34AUf8CDBvHO4BSoTsss9w_0.jpg,34AUf8CDBvHO4BSoTsss9w,43.1905606541668,-79.2310122964572,0,0,90,2025-06,OK,,
KfhN4a4P7tRDS5LZYgVRhA_0.jpg,KfhN4a4P7tRDS5LZYgVRhA,43.19354767735688,-79.22874626392192,0,0,90,2025-06,OK,,
wtbL2Nyt9riRsLoiJLd4TA_0.jpg,wtbL2Nyt9riRsLoiJLd4TA,43.18546630002044,-79.23563669904101,0,0,90,2025-06,OK,,
Ka3a1LFtanuGqjD0ZqCA_Q_0.jpg,Ka3a1LFtanuGqjD0ZqCA_Q,43.18804843776208,-79.22420129849945,0,0,90,2025-06,OK,,
znWX4Z6kum3BIrcb6FuduA_0.jpg,znWX4Z6kum3BIrcb6FuduA,43.19100768011688,-79.2335002827414,0,0,90,2025-06,OK,,
8XQ21eTboSSzMt1H7wiiqw_0.jpg,8XQ21eTboSSzMt1H7wiiqw,43.1861776895708,-79.23418213765179,0,0,90,2017-06,OK,,
n9FZUvZCURa9SrJpyeFXFw_0.jpg,n9FZUvZCURa9SrJpyeFXFw,43.18158956833502,-79.23413739215053,0,0,90,2025-05,OK,,
AnbYSO8gqoujr-HtOh2MtQ_0.jpg,AnbYSO8gqoujr-HtOh2MtQ,43.19647494065759,-79.21889161902197,0,0,90,2025-06,OK,,
AUlkpUbu50Kr2Mkls3ygfQ_0.jpg,AUlkpUbu50Kr2Mkls3ygfQ,43.1890494890444,-79.22140514158814,0,0,90,2015-09,OK,,
5EUeQaIEgRYSVcxG_M3hlw_0.jpg,5EUeQaIEgRYSVcxG_M3hlw,43.19454728043062,-79.22003065599966,0,0,90,2012-07,OK,,
oYr-kKwR2TCr0mFUtMyd-A_0.jpg,oYr-kKwR2TCr0mFUtMyd-A,43.19144421749048,-79.24154635457761,0,0,90,2025-06,OK,,
asE9shUeG8dHEcMICVxyWg_0.jpg,asE9shUeG8dHEcMICVxyWg,43.18553762801016,-79.22691501710243,0,0,90,2025-06,OK,,
ML9cQ2zS0xEidul5mApmNw_0.jpg,ML9cQ2zS0xEidul5mApmNw,43.1847822617725,-79.24081086230477,0,0,90,2025-06,OK,,
nhV8ZEWGFy-6w2ATEnYuBg_0.jpg,nhV8ZEWGFy-6w2ATEnYuBg,43.18336703594594,-79.23858301178639,0,0,90,2023-07,OK,,
sUi1pNseA_apm7-MrgxrsQ_0.jpg,sUi1pNseA_apm7-MrgxrsQ,43.18335265845027,-79.23312906384237,0,0,90,2025-05,OK,,
Cb20ZfqYeGBf79Ap1OWK5Q_0.jpg,Cb20ZfqYeGBf79Ap1OWK5Q,43.18217208720187,-79.2423988576018,0,0,90,2025-05,OK,,
_Hy2-jMcU-Mubvq26SJQDg_0.jpg,_Hy2-jMcU-Mubvq26SJQDg,43.19168056140157,-79.23307089403507,0,0,90,2025-06,OK,,
Fmh0-2pJSu5lknmLLDaixA_0.jpg,Fmh0-2pJSu5lknmLLDaixA,43.18671407167092,-79.21979441561317,0,0,90,2025-06,OK,,
MsolIulkoALU-NG3sz_x7w_0.jpg,MsolIulkoALU-NG3sz_x7w,43.17958037686169,-79.22590773010263,0,0,90,2025-06,OK,,
fXZFfuZUne72wB0WUcmt8w_0.jpg,fXZFfuZUne72wB0WUcmt8w,43.1971495392756,-79.23573023283252,0,0,90,2022-09,OK,,
gHGmV73-kerLVq5dKPHJeQ_0.jpg,gHGmV73-kerLVq5dKPHJeQ,43.18539745146958,-79.22081854998011,0,0,90,2025-06,OK,,
CAXP1e_BJqCHO0fRKb03nw_0.jpg,CAXP1e_BJqCHO0fRKb03nw,43.18082546530179,-79.23061464968904,0,0,90,2025-06,OK,,
geA4d_7eVCyjJv7V1BkzOQ_0.jpg,geA4d_7eVCyjJv7V1BkzOQ,43.18503075200554,-79.22567434433994,0,0,90,2025-06,OK,,
2dYJeN2pE1Qo24Wudx_a4Q_0.jpg,2dYJeN2pE1Qo24Wudx_a4Q,43.19498239864779,-79.22035235507015,0,0,90,2012-07,OK,,
3kwcjWx1kYK3IdjsP9KZTg_0.jpg,3kwcjWx1kYK3IdjsP9KZTg,43.19386946712761,-79.2282890579396,0,0,90,2025-06,OK,,
n-EMZoE8SN0m2lO7UyHZPA_0.jpg,n-EMZoE8SN0m2lO7UyHZPA,43.18106478281312,-79.22673748408934,0,0,90,2025-06,OK,,
9wy3m3HOQggZosFZHDl4nQ_0.jpg,9wy3m3HOQggZosFZHDl4nQ,43.18029003306758,-79.23059279240614,0,0,90,2025-06,OK,,
Qm4ohxCUAqU-A0EQY3WQPA_0.jpg,Qm4ohxCUAqU-A0EQY3WQPA,43.19592266582242,-79.24178064740894,0,0,90,2025-06,OK,,
d8W3aGJciT18Xmhb3JucCg_0.jpg,d8W3aGJciT18Xmhb3JucCg,43.18176815246655,-79.23220832450374,0,0,90,2025-05,OK,,
ppvrHt8V93VilJhv1ki7qw_0.jpg,ppvrHt8V93VilJhv1ki7qw,43.18085029820987,-79.2315730951552,0,0,90,2025-05,OK,,
PneCHlzAyBvi0-TvgcldDQ_0.jpg,PneCHlzAyBvi0-TvgcldDQ,43.19629498127239,-79.23903164930279,0,0,90,2025-06,OK,,
1tVqnfPnIIIObaFkiRrsJw_0.jpg,1tVqnfPnIIIObaFkiRrsJw,43.18502811382744,-79.22258227258256,0,0,90,2020-10,OK,,
if12hZQ5eqFNzk8tkVmuZw_0.jpg,if12hZQ5eqFNzk8tkVmuZw,43.18858423075498,-79.22949501674577,0,0,90,2022-10,OK,,
pPtIM_ZVF2BJlX08ectGhA_0.jpg,pPtIM_ZVF2BJlX08ectGhA,43.17934803151631,-79.22660297872841,0,0,90,2025-06,OK,,
SJ611xO6ZWuMgrzO453rYw_0.jpg,SJ611xO6ZWuMgrzO453rYw,43.19421095391498,-79.2311800975537,0,0,90,2025-06,OK,,
_FKkCURo8bm_IxBp_CUO-g_0.jpg,_FKkCURo8bm_IxBp_CUO-g,43.19469701535952,-79.24169856324443,0,0,90,2025-06,OK,,
cSjfdlLiYGDu2lOagn5oQA_0.jpg,cSjfdlLiYGDu2lOagn5oQA,43.18976473531602,-79.23785696134087,0,0,90,2025-06,OK,,
s-cVhl1-HX5AEcJ1M45nBw_0.jpg,s-cVhl1-HX5AEcJ1M45nBw,43.18271879011701,-79.23071455633881,0,0,90,2014-05,OK,,
dKabHGM40CFa3TELdLa1kQ_0.jpg,dKabHGM40CFa3TELdLa1kQ,43.18443359815907,-79.22077414236801,0,0,90,2025-06,OK,,
8Lqbzr-ACJVU0-_LeE6B6w_0.jpg,8Lqbzr-ACJVU0-_LeE6B6w,43.19094284194816,-79.22107974549169,0,0,90,2022-10,OK,,
IlaQ4AQ9Hm6Daykyd3c9yw_0.jpg,IlaQ4AQ9Hm6Daykyd3c9yw,43.18362057532,-79.24113954580561,0,0,90,2025-06,OK,,
zsKCgUP8FpubDaz4xJMHVw_0.jpg,zsKCgUP8FpubDaz4xJMHVw,43.18227774053657,-79.24107854154641,0,0,90,2025-06,OK,,
7rAvtZ-L6F9LuviycubRfw_0.jpg,7rAvtZ-L6F9LuviycubRfw,43.19648774607587,-79.23904610479129,0,0,90,2025-06,OK,,
fnMdgVL6txhKNnlrt7Jy5A_0.jpg,fnMdgVL6txhKNnlrt7Jy5A,43.19658309823186,-79.22132243721215,0,0,90,2025-06,OK,,
DyaTpQvfTJVGiVmd7FRwcw_0.jpg,DyaTpQvfTJVGiVmd7FRwcw,43.19574475193404,-79.22128895956166,0,0,90,2025-06,OK,,
EaLPtP5-zoXFKqk3d5Xw9A_0.jpg,EaLPtP5-zoXFKqk3d5Xw9A,43.19300179646851,-79.23920881492812,0,0,90,2022-10,OK,,
ey4h_J_53upOh5dNzh_knw_0.jpg,ey4h_J_53upOh5dNzh_knw,43.19061847127246,-79.23788656104206,0,0,90,2022-10,OK,,
R642LmXeU0Oc-fMuEtRAvw_0.jpg,R642LmXeU0Oc-fMuEtRAvw,43.18060082300249,-79.23786642636261,0,0,90,2025-05,OK,,
gBXJaUk-BsMh2Og1hWHt5g_0.jpg,gBXJaUk-BsMh2Og1hWHt5g,43.19467127040406,-79.22324759723968,0,0,90,2025-06,OK,,
6Nr36r-CVOsVNe0qyPcg8A_0.jpg,6Nr36r-CVOsVNe0qyPcg8A,43.18694758718696,-79.21914627910841,0,0,90,2025-06,OK,,
p9wSYnpNsNU_YslNcxIOsA_0.jpg,p9wSYnpNsNU_YslNcxIOsA,43.18195763959427,-79.23042068763878,0,0,90,2025-05,OK,,
j02eZElclc1okcaezOFD7A_0.jpg,j02eZElclc1okcaezOFD7A,43.19591306318542,-79.2280541291003,0,0,90,2025-06,OK,,
D6nYOcxgV1yCzmWIFDercg_0.jpg,D6nYOcxgV1yCzmWIFDercg,43.18123441450795,-79.22665779635552,0,0,90,2025-06,OK,,
xX_DzkOzaBIGcOrTrTylug_0.jpg,xX_DzkOzaBIGcOrTrTylug,43.17952930401002,-79.23522995073469,0,0,90,2025-05,OK,,
MoM2wdR85O3bZKv0FgzHZA_0.jpg,MoM2wdR85O3bZKv0FgzHZA,43.1797204817875,-79.2385643400213,0,0,90,2025-05,OK,,
kBdQ7soWU3hBgobAnD-YmA_0.jpg,kBdQ7soWU3hBgobAnD-YmA,43.18326672171867,-79.22139094157038,0,0,90,2014-05,OK,,
c3LAyWuZqOURaEBx0XQ-HA_0.jpg,c3LAyWuZqOURaEBx0XQ-HA,43.1905205647386,-79.21908267869848,0,0,90,2025-06,OK,,
Iqekfxlv0siuAegJZBEUAA_0.jpg,Iqekfxlv0siuAegJZBEUAA,43.19229140842111,-79.23918738986538,0,0,90,2025-06,OK,,
UYwCXHareSvHE8hYIOmjyQ_0.jpg,UYwCXHareSvHE8hYIOmjyQ,43.18822710916452,-79.22678223311111,0,0,90,2025-06,OK,,
S1J1cMJCDiT3Ev52cmQpfg_0.jpg,S1J1cMJCDiT3Ev52cmQpfg,43.19157931284262,-79.22826022970702,0,0,90,2025-06,OK,,
ARCTnqPXGjPZgwNgzELvvQ_0.jpg,ARCTnqPXGjPZgwNgzELvvQ,43.19393061417512,-79.23116280114682,0,0,90,2025-06,OK,,
fQiAtpKvCvgctepQrVaHOg_0.jpg,fQiAtpKvCvgctepQrVaHOg,43.18293978663566,-79.22586125953232,0,0,90,2025-06,OK,,
EVQM4-qKLYj2k3HFM0Q4mQ_0.jpg,EVQM4-qKLYj2k3HFM0Q4mQ,43.18997671162591,-79.23452246091169,0,0,90,2023-07,OK,,
If3QU3G2lJ4NY_qSXV6NZA_0.jpg,If3QU3G2lJ4NY_qSXV6NZA,43.1921955467169,-79.2311033393457,0,0,90,2025-06,OK,,
ui3i7XHGineRkSfbjIIH0Q_0.jpg,ui3i7XHGineRkSfbjIIH0Q,43.18796197388681,-79.24301826829925,0,0,90,2025-05,OK,,
JNbp02ojQ8TzDaCuxrrDAQ_0.jpg,JNbp02ojQ8TzDaCuxrrDAQ,43.19481214904429,-79.2308827021747,0,0,90,2025-06,OK,,
xiGX2atvaOL5Q10t9q2R3w_0.jpg,xiGX2atvaOL5Q10t9q2R3w,43.18425276657319,-79.24241727048043,0,0,90,2025-06,OK,,
mjdrzNpyN829s_NtjlbDSw_0.jpg,mjdrzNpyN829s_NtjlbDSw,43.19138003877024,-79.22596134334322,0,0,90,2025-06,OK,,
sYqzsH6YUjRgf9CTNWW_6A_0.jpg,sYqzsH6YUjRgf9CTNWW_6A,43.19726777564743,-79.24086326244779,0,0,90,2025-06,OK,,
5GSZlwFjyjmt8jDm9Tkciw_0.jpg,5GSZlwFjyjmt8jDm9Tkciw,43.19151736851625,-79.22316489448237,0,0,90,2022-10,OK,,
cOPq_y49uyKVzN7TOT-3ig_0.jpg,cOPq_y49uyKVzN7TOT-3ig,43.17945732957521,-79.22400792563579,0,0,90,2025-06,OK,,
Am4zoqKhPxtbb6Sj5nkvXQ_0.jpg,Am4zoqKhPxtbb6Sj5nkvXQ,43.18313050962524,-79.23979348493499,0,0,90,2025-05,OK,,
J192-4Tmlpy_EBhCwFJ-mQ_0.jpg,J192-4Tmlpy_EBhCwFJ-mQ,43.1872295535341,-79.22573991960164,0,0,90,2025-06,OK,,
F32G1YE4HgZacOxSVZdZiA_0.jpg,F32G1YE4HgZacOxSVZdZiA,43.18398922484337,-79.22011671792396,0,0,90,2025-06,OK,,
NkTlLv2p0kvinPejjDhNQQ_0.jpg,NkTlLv2p0kvinPejjDhNQQ,43.18140826781635,-79.2201046692593,0,0,90,2025-06,OK,,
h8y4a525tB6ISzjautKqMg_0.jpg,h8y4a525tB6ISzjautKqMg,43.18322532409358,-79.23979701273414,0,0,90,2025-05,OK,,
WnaKjS-WMy_i2J8OvC3IZg_0.jpg,WnaKjS-WMy_i2J8OvC3IZg,43.19642890417647,-79.22016766654608,0,0,90,2025-06,OK,,
nywekKzl5pCu3Ijkf0t8RQ_0.jpg,nywekKzl5pCu3Ijkf0t8RQ,43.19258929422069,-79.22603948265038,0,0,90,2025-06,OK,,
ZBDKOodLHL3W7D0e1VQBfg_0.jpg,ZBDKOodLHL3W7D0e1VQBfg,43.19687458841021,-79.23907501576161,0,0,90,2025-06,OK,,
42h3GqfGiuCNzkd6NBuM7g_0.jpg,42h3GqfGiuCNzkd6NBuM7g,43.18758497838522,-79.2401533197665,0,0,90,2025-06,OK,,
n7CxKS-nu_8PBKy1PfEMdg_0.jpg,n7CxKS-nu_8PBKy1PfEMdg,43.18131274858534,-79.2338314011903,0,0,90,2025-05,OK,,
Is7N3Yl4VtlSRw4X0mOKsg_0.jpg,Is7N3Yl4VtlSRw4X0mOKsg,43.19282264059719,-79.23701026826647,0,0,90,2025-06,OK,,
mkOPHVXU0Qhl8ES3J6jPXA_0.jpg,mkOPHVXU0Qhl8ES3J6jPXA,43.18552667807351,-79.23414212484877,0,0,90,2017-06,OK,,
ovp-f_rT9FS4VPFvAuwJfA_0.jpg,ovp-f_rT9FS4VPFvAuwJfA,43.18355843934218,-79.23287900225581,0,0,90,2025-05,OK,,
uiLILgTv0W6WhAryq1ZfRQ_0.jpg,uiLILgTv0W6WhAryq1ZfRQ,43.19614260565211,-79.2429077056391,0,0,90,2025-06,OK,,
nFpnQlnREQpQwW9rV13XwQ_0.jpg,nFpnQlnREQpQwW9rV13XwQ,43.17962174669893,-79.22809595163989,0,0,90,2022-10,OK,,
Pqtsdz63769AHYRYHhYebA_0.jpg,Pqtsdz63769AHYRYHhYebA,43.19367636636406,-79.22221075242177,0,0,90,2020-10,OK,,
Te1NYCC-oEJppMDyDaF0Rw_0.jpg,Te1NYCC-oEJppMDyDaF0Rw,43.18107282335636,-79.23624806588397,0,0,90,2025-05,OK,,
gnmm05cr3WdM4F-fhdFaAw_0.jpg,gnmm05cr3WdM4F-fhdFaAw,43.1962910612574,-79.22535490094175,0,0,90,2025-06,OK,,
MVSLVTu5dj3hnlVRd1UVuA_0.jpg,MVSLVTu5dj3hnlVRd1UVuA,43.18729582985742,-79.22966944664194,0,0,90,2022-10,OK,,
vzhlRuhFOQOBe8wEJFjW4g_0.jpg,vzhlRuhFOQOBe8wEJFjW4g,43.19473108363705,-79.22123947458091,0,0,90,2025-06,OK,,
I4aJfmDiZXRalkzWjKVu9A_0.jpg,I4aJfmDiZXRalkzWjKVu9A,43.18088909664292,-79.23146449821559,0,0,90,2025-05,OK,,
1ADsGBG3Emhx55wvnSf50Q_0.jpg,1ADsGBG3Emhx55wvnSf50Q,43.17986131139639,-79.23312304034329,0,0,90,2025-05,OK,,
UuF0K4MP40PGjq1WT2_3BQ_0.jpg,UuF0K4MP40PGjq1WT2_3BQ,43.18624562017452,-79.23765940030574,0,0,90,2025-06,OK,,
NazxxoFDwdp8qdK5S1eJ6A_0.jpg,NazxxoFDwdp8qdK5S1eJ6A,43.18659490187709,-79.2205518458089,0,0,90,2025-06,OK,,
MLUucas1kAt0CwZitzTamg_0.jpg,MLUucas1kAt0CwZitzTamg,43.18512243210623,-79.22126150615816,0,0,90,2023-07,OK,,
bNwLAaOn_qdgC3ESAmY4KQ_0.jpg,bNwLAaOn_qdgC3ESAmY4KQ,43.19215027519718,-79.2200959770074,0,0,90,2025-06,OK,,
e5CBFvSzgSHCATdEduwq3g_0.jpg,e5CBFvSzgSHCATdEduwq3g,43.19170448918393,-79.24306404206287,0,0,90,2025-06,OK,,
RYSifRRBaVm_2lXoJNvIzA_0.jpg,RYSifRRBaVm_2lXoJNvIzA,43.18881667875579,-79.23672683089305,0,0,90,2025-06,OK,,
zNCo6WDxzF2UfzSzSgsnHQ_0.jpg,zNCo6WDxzF2UfzSzSgsnHQ,43.18281151323789,-79.23321769528432,0,0,90,2025-05,OK,,
mzFixYvhuVq7W_BIH4ok4g_0.jpg,mzFixYvhuVq7W_BIH4ok4g,43.19641126488327,-79.22388615302333,0,0,90,2025-06,OK,,
k_e8S-S8HVIECDWDRGXJ6g_0.jpg,k_e8S-S8HVIECDWDRGXJ6g,43.19275054031214,-79.22712602536674,0,0,90,2025-06,OK,,
IoIOT-t_vdMeNv8OhqE2RQ_0.jpg,IoIOT-t_vdMeNv8OhqE2RQ,43.18686181607877,-79.24293093671467,0,0,90,2025-05,OK,,
BfueVCd_PzJDOt3ZttJpFQ_0.jpg,BfueVCd_PzJDOt3ZttJpFQ,43.18109732481379,-79.23898174343253,0,0,90,2025-05,OK,,
Zp17RhI0A4TafRWyRMYzeQ_0.jpg,Zp17RhI0A4TafRWyRMYzeQ,43.18727636487668,-79.23144040379044,0,0,90,2025-06,OK,,
D9U2SvNYVoWlV2bfhNtOkQ_0.jpg,D9U2SvNYVoWlV2bfhNtOkQ,43.19400928817106,-79.24190282705982,0,0,90,2025-05,OK,,
NJqlZP4iH9SndUS5-HlFZQ_0.jpg,NJqlZP4iH9SndUS5-HlFZQ,43.19354944513397,-79.21887328760019,0,0,90,2025-06,OK,,
U0fRiRrvZHLVJB3s0rMJzg_0.jpg,U0fRiRrvZHLVJB3s0rMJzg,43.18513903619594,-79.22089944751421,0,0,90,2023-07,OK,,
R5hXaUW0G__4EIIFqGFhiA_0.jpg,R5hXaUW0G__4EIIFqGFhiA,43.19115207300759,-79.21907587973466,0,0,90,2025-06,OK,,
P_CBIMRZRFnX7jypMHAm7g_0.jpg,P_CBIMRZRFnX7jypMHAm7g,43.17963867552888,-79.23850772238839,0,0,90,2025-05,OK,,
YE2lcmRZWi-5zu3sBsukew_0.jpg,YE2lcmRZWi-5zu3sBsukew,43.19367944157027,-79.22855901024413,0,0,90,2025-06,OK,,
lt2I8WzRAkwhF9quSH9Olg_0.jpg,lt2I8WzRAkwhF9quSH9Olg,43.19049793814665,-79.22412332978247,0,0,90,2012-08,OK,,
cy-WlqP8aDO_sA8cqHQtXQ_0.jpg,cy-WlqP8aDO_sA8cqHQtXQ,43.18038449415882,-79.23059640660287,0,0,90,2025-06,OK,,
te_56Fvprgq7dweLb2e5-Q_0.jpg,te_56Fvprgq7dweLb2e5-Q,43.19162877031043,-79.22916061299155,0,0,90,2020-10,OK,,
2fmfD26tRkBDQWDozg3GBQ_0.jpg,2fmfD26tRkBDQWDozg3GBQ,43.19637326473609,-79.22835024260696,0,0,90,2025-06,OK,,
qgJ6FMEoxMoZhykQ7HVSDA_0.jpg,qgJ6FMEoxMoZhykQ7HVSDA,43.19194207299061,-79.23794283486687,0,0,90,2022-10,OK,,
e189iAsv-iaJzimf-V-3Mg_0.jpg,e189iAsv-iaJzimf-V-3Mg,43.19293936814835,-79.22828466916447,0,0,90,2025-06,OK,,
Lm4QQbeEbskRL29r4jsvzQ_0.jpg,Lm4QQbeEbskRL29r4jsvzQ,43.18637546679157,-79.23419435661191,0,0,90,2017-06,OK,,
AqwW3hB0cHMLNU3XlCX-VA_0.jpg,AqwW3hB0cHMLNU3XlCX-VA,43.18874740359391,-79.22275972737472,0,0,90,2025-06,OK,,
g-nsEA-YzA6PAyG-8NdaVA_0.jpg,g-nsEA-YzA6PAyG-8NdaVA,43.18109666804644,-79.2252317531568,0,0,90,2018-10,OK,,
mKPR39Mx126Q6a4yxTjHlQ_0.jpg,mKPR39Mx126Q6a4yxTjHlQ,43.18561189495757,-79.23848268327238,0,0,90,2025-06,OK,,
1AiCP-j0rlRDszgsbYNeNQ_0.jpg,1AiCP-j0rlRDszgsbYNeNQ,43.19672572703578,-79.22362376047698,0,0,90,2025-06,OK,,
en7BMnPPke4ySrdWEsDbKA_0.jpg,en7BMnPPke4ySrdWEsDbKA,43.18159286309707,-79.2225724617841,0,0,90,2025-06,OK,,
e8fvSXAoH2XBj2o4s_9ozA_0.jpg,e8fvSXAoH2XBj2o4s_9ozA,43.18318553180321,-79.22069935508247,0,0,90,2012-08,OK,,
0rt8OJ-dh7MlU6XoaY51dA_0.jpg,0rt8OJ-dh7MlU6XoaY51dA,43.19260562346135,-79.22318365536397,0,0,90,2020-10,OK,,
